{"cameraMode":{"drawMode":0,"name":"Shaded","section":"Shading Mode"},"sceneLighting":false,"audioPlay":false,"sceneViewState":{"showFog":true,"showMaterialUpdate":false,"showSkybox":false,"showFlares":true,"showImageEffects":true,"showParticleSystems":true},"in2DMode":false,"pivot":{"x":505.1980895996094,"y":446.9478454589844,"z":50.03266906738281},"rotation":{"x":0.262160986661911,"y":0.040516551584005359,"z":-0.011017534881830216,"w":0.9641126990318298},"size":266.9721374511719,"orthographic":false}