{"cameraMode":{"drawMode":0,"name":"Shaded","section":"Shading Mode"},"sceneLighting":true,"audioPlay":false,"sceneViewState":{"showFog":true,"showMaterialUpdate":false,"showSkybox":true,"showFlares":true,"showImageEffects":true,"showParticleSystems":true},"in2DMode":false,"pivot":{"x":4.839837074279785,"y":5.592928886413574,"z":4.8032426834106449},"rotation":{"x":0.3215932548046112,"y":-0.2796057164669037,"z":0.10000860691070557,"w":0.8991101980209351},"size":19.96932601928711,"orthographic":false}