{"cameraMode":{"drawMode":0,"name":"Shaded","section":"Shading Mode"},"sceneLighting":false,"audioPlay":false,"sceneViewState":{"showFog":true,"showMaterialUpdate":false,"showSkybox":false,"showFlares":true,"showImageEffects":true,"showParticleSystems":true},"in2DMode":false,"pivot":{"x":363.6546936035156,"y":397.34906005859377,"z":71.080078125},"rotation":{"x":0.08187536895275116,"y":-0.916253924369812,"z":0.3061811923980713,"w":0.24501533806324006},"size":1510.169677734375,"orthographic":false}