{"cameraMode":{"drawMode":0,"name":"Shaded","section":"Shading Mode"},"sceneLighting":true,"audioPlay":false,"sceneViewState":{"showFog":true,"showMaterialUpdate":false,"showSkybox":true,"showFlares":true,"showImageEffects":true,"showParticleSystems":true},"in2DMode":false,"pivot":{"x":0.5211182832717896,"y":0.040677718818187717,"z":-6.916806697845459},"rotation":{"x":0.27053797245025637,"y":-0.06060631200671196,"z":0.017061417922377588,"w":0.96067875623703},"size":8.472005844116211,"orthographic":false}