{"cameraMode":{"drawMode":0,"name":"Shaded","section":"Shading Mode"},"sceneLighting":false,"audioPlay":false,"sceneViewState":{"showFog":true,"showMaterialUpdate":false,"showSkybox":false,"showFlares":true,"showImageEffects":true,"showParticleSystems":true},"in2DMode":false,"pivot":{"x":-4.133999824523926,"y":0.14859539270401,"z":-0.546999990940094},"rotation":{"x":0.48824939131736758,"y":0.047082044184207919,"z":-0.02639148011803627,"w":0.8710368871688843},"size":1.4669954776763917,"orthographic":false}